{
  "$schema": "http://json-schema.org/draft-07/schema#",
  "title": "Agentic Commerce Intent",
  "type": "object",
  "required": ["objective", "constraints"],
  "properties": {
    "objective": {
      "type": "string",
      "description": "Primary goal of the user"
    },
    "constraints": {
      "type": "object",
      "properties": {
        "budget_min": { "type": "number" },
        "budget_max": { "type": "number" },
        "currency": { "type": "string" },
        "location": { "type": "string" },
        "timeline": { "type": "string" }
      }
    },
    "preferences": {
      "type": "object",
      "additionalProperties": true
    }
  }
}
